,0
268,https://www.auto-data.net/en/vanderhall-brand-261
269,https://www.auto-data.net/en/vauxhall-brand-60
270,https://www.auto-data.net/en/vector-brand-65
271,https://www.auto-data.net/en/vencer-brand-221
272,https://www.auto-data.net/en/venturi-brand-70
273,https://www.auto-data.net/en/vespa-brand-75
274,https://www.auto-data.net/en/vinfast-brand-260
275,https://www.auto-data.net/en/volkswagen-brand-80
276,https://www.auto-data.net/en/volvo-brand-85
277,https://www.auto-data.net/en/vuhl-brand-216
278,https://www.auto-data.net/en/vw-porsche-brand-90
